{"coverage": 25.6857855361596, "raw_data": {"meta": {"format": 3, "version": "7.10.7", "timestamp": "2025-10-19T09:58:55.903314", "branch_coverage": false, "show_contexts": false}, "files": {"src/dictforge/__about__.py": {"executed_lines": [1], "summary": {"covered_lines": 1, "num_statements": 1, "percent_covered": 100.0, "percent_covered_display": "100", "missing_lines": 0, "excluded_lines": 0}, "missing_lines": [], "excluded_lines": [], "functions": {"": {"executed_lines": [1], "summary": {"covered_lines": 1, "num_statements": 1, "percent_covered": 100.0, "percent_covered_display": "100", "missing_lines": 0, "excluded_lines": 0}, "missing_lines": [], "excluded_lines": []}}, "classes": {"": {"executed_lines": [1], "summary": {"covered_lines": 1, "num_statements": 1, "percent_covered": 100.0, "percent_covered_display": "100", "missing_lines": 0, "excluded_lines": 0}, "missing_lines": [], "excluded_lines": []}}}, "src/dictforge/builder.py": {"executed_lines": [1, 3, 4, 5, 6, 7, 8, 9, 10, 11, 13, 14, 16, 18, 19, 20, 21, 22, 23, 25, 172, 173, 176, 177, 180, 181, 183, 195, 196, 200, 205, 231, 232, 237, 241, 245, 248, 270, 328, 345, 406, 485, 502], "summary": {"covered_lines": 39, "num_statements": 221, "percent_covered": 17.647058823529413, "percent_covered_display": "18", "missing_lines": 182, "excluded_lines": 0}, "missing_lines": [184, 185, 186, 187, 188, 189, 190, 191, 192, 193, 197, 198, 201, 202, 203, 206, 207, 208, 209, 210, 211, 212, 214, 215, 216, 217, 218, 220, 222, 223, 238, 239, 243, 246, 249, 250, 251, 252, 253, 255, 256, 257, 258, 259, 263, 264, 265, 266, 268, 271, 273, 274, 276, 277, 278, 279, 281, 282, 283, 284, 285, 286, 287, 289, 290, 291, 298, 299, 300, 301, 302, 303, 304, 306, 307, 308, 309, 310, 311, 315, 316, 317, 321, 326, 329, 330, 331, 332, 333, 334, 338, 340, 341, 343, 357, 358, 359, 360, 361, 363, 364, 365, 366, 367, 370, 371, 372, 373, 374, 375, 376, 384, 385, 386, 387, 390, 391, 392, 393, 394, 397, 398, 399, 400, 402, 404, 413, 421, 422, 427, 428, 429, 430, 431, 434, 435, 436, 438, 439, 440, 441, 442, 443, 444, 445, 450, 451, 452, 455, 456, 457, 458, 459, 460, 461, 462, 468, 469, 470, 471, 472, 473, 474, 475, 476, 477, 478, 483, 486, 487, 489, 496, 497, 514, 515, 516, 528, 529, 530, 531, 543, 544], "excluded_lines": [], "functions": {"KaikkiParseError.__init__": {"executed_lines": [], "summary": {"covered_lines": 0, "num_statements": 10, "percent_covered": 0.0, "percent_covered_display": "0", "missing_lines": 10, "excluded_lines": 0}, "missing_lines": [184, 185, 186, 187, 188, 189, 190, 191, 192, 193], "excluded_lines": []}, "KaikkiParseError._HTMLStripper.__init__": {"executed_lines": [], "summary": {"covered_lines": 0, "num_statements": 2, "percent_covered": 0.0, "percent_covered_display": "0", "missing_lines": 2, "excluded_lines": 0}, "missing_lines": [197, 198], "excluded_lines": []}, "KaikkiParseError._HTMLStripper.handle_data": {"executed_lines": [], "summary": {"covered_lines": 0, "num_statements": 3, "percent_covered": 0.0, "percent_covered_display": "0", "missing_lines": 3, "excluded_lines": 0}, "missing_lines": [201, 202, 203], "excluded_lines": []}, "KaikkiParseError._load_excerpt": {"executed_lines": [], "summary": {"covered_lines": 0, "num_statements": 15, "percent_covered": 0.0, "percent_covered_display": "0", "missing_lines": 15, "excluded_lines": 0}, "missing_lines": [206, 207, 208, 209, 210, 211, 212, 214, 215, 216, 217, 218, 220, 222, 223], "excluded_lines": []}, "Builder.__init__": {"executed_lines": [], "summary": {"covered_lines": 0, "num_statements": 2, "percent_covered": 0.0, "percent_covered_display": "0", "missing_lines": 2, "excluded_lines": 0}, "missing_lines": [238, 239], "excluded_lines": []}, "Builder.ensure_download": {"executed_lines": [], "summary": {"covered_lines": 0, "num_statements": 1, "percent_covered": 0.0, "percent_covered_display": "0", "missing_lines": 1, "excluded_lines": 0}, "missing_lines": [243], "excluded_lines": []}, "Builder._slugify": {"executed_lines": [], "summary": {"covered_lines": 0, "num_statements": 1, "percent_covered": 0.0, "percent_covered_display": "0", "missing_lines": 1, "excluded_lines": 0}, "missing_lines": [246], "excluded_lines": []}, "Builder._ensure_raw_dump": {"executed_lines": [], "summary": {"covered_lines": 0, "num_statements": 15, "percent_covered": 0.0, "percent_covered_display": "0", "missing_lines": 15, "excluded_lines": 0}, "missing_lines": [249, 250, 251, 252, 253, 255, 256, 257, 258, 259, 263, 264, 265, 266, 268], "excluded_lines": []}, "Builder._ensure_filtered_language": {"executed_lines": [], "summary": {"covered_lines": 0, "num_statements": 35, "percent_covered": 0.0, "percent_covered_display": "0", "missing_lines": 35, "excluded_lines": 0}, "missing_lines": [271, 273, 274, 276, 277, 278, 279, 281, 282, 283, 284, 285, 286, 287, 289, 290, 291, 298, 299, 300, 301, 302, 303, 304, 306, 307, 308, 309, 310, 311, 315, 316, 317, 321, 326], "excluded_lines": []}, "Builder._kindle_lang_code": {"executed_lines": [], "summary": {"covered_lines": 0, "num_statements": 10, "percent_covered": 0.0, "percent_covered_display": "0", "missing_lines": 10, "excluded_lines": 0}, "missing_lines": [329, 330, 331, 332, 333, 334, 338, 340, 341, 343], "excluded_lines": []}, "Builder._export_one": {"executed_lines": [], "summary": {"covered_lines": 0, "num_statements": 32, "percent_covered": 0.0, "percent_covered_display": "0", "missing_lines": 32, "excluded_lines": 0}, "missing_lines": [357, 358, 359, 360, 361, 363, 364, 365, 366, 367, 370, 371, 372, 373, 374, 375, 376, 384, 385, 386, 387, 390, 391, 392, 393, 394, 397, 398, 399, 400, 402, 404], "excluded_lines": []}, "Builder._ensure_opf_languages": {"executed_lines": [], "summary": {"covered_lines": 0, "num_statements": 42, "percent_covered": 0.0, "percent_covered_display": "0", "missing_lines": 42, "excluded_lines": 0}, "missing_lines": [413, 421, 422, 427, 428, 429, 430, 431, 434, 435, 436, 438, 439, 440, 441, 442, 443, 444, 445, 450, 451, 452, 455, 456, 457, 458, 459, 460, 461, 462, 468, 469, 470, 471, 472, 473, 474, 475, 476, 477, 478, 483], "excluded_lines": []}, "Builder._run_kindlegen": {"executed_lines": [], "summary": {"covered_lines": 0, "num_statements": 5, "percent_covered": 0.0, "percent_covered_display": "0", "missing_lines": 5, "excluded_lines": 0}, "missing_lines": [486, 487, 489, 496, 497], "excluded_lines": []}, "Builder.build_dictionary": {"executed_lines": [], "summary": {"covered_lines": 0, "num_statements": 9, "percent_covered": 0.0, "percent_covered_display": "0", "missing_lines": 9, "excluded_lines": 0}, "missing_lines": [514, 515, 516, 528, 529, 530, 531, 543, 544], "excluded_lines": []}, "": {"executed_lines": [1, 3, 4, 5, 6, 7, 8, 9, 10, 11, 13, 14, 16, 18, 19, 20, 21, 22, 23, 25, 172, 173, 176, 177, 180, 181, 183, 195, 196, 200, 205, 231, 232, 237, 241, 245, 248, 270, 328, 345, 406, 485, 502], "summary": {"covered_lines": 39, "num_statements": 39, "percent_covered": 100.0, "percent_covered_display": "100", "missing_lines": 0, "excluded_lines": 0}, "missing_lines": [], "excluded_lines": []}}, "classes": {"KaikkiDownloadError": {"executed_lines": [], "summary": {"covered_lines": 0, "num_statements": 0, "percent_covered": 100.0, "percent_covered_display": "100", "missing_lines": 0, "excluded_lines": 0}, "missing_lines": [], "excluded_lines": []}, "KindleBuildError": {"executed_lines": [], "summary": {"covered_lines": 0, "num_statements": 0, "percent_covered": 100.0, "percent_covered_display": "100", "missing_lines": 0, "excluded_lines": 0}, "missing_lines": [], "excluded_lines": []}, "KaikkiParseError": {"executed_lines": [], "summary": {"covered_lines": 0, "num_statements": 25, "percent_covered": 0.0, "percent_covered_display": "0", "missing_lines": 25, "excluded_lines": 0}, "missing_lines": [184, 185, 186, 187, 188, 189, 190, 191, 192, 193, 206, 207, 208, 209, 210, 211, 212, 214, 215, 216, 217, 218, 220, 222, 223], "excluded_lines": []},